Asset,Weight
AAPL,0.0
ADBE,0.0
AMD,0.0
AMZN,0.0
BRK,0.46317446615276137
CVX,0.0
DIS,0.0
GOOGL,0.0
INTC,0.0
JNJ,0.0
KO,0.0
MA,0.07225742194237506
META,0.07458636495532758
MSFT,0.0
NFLX,0.0
NVDA,0.013919164580509727
PG,0.0725973918880051
TSLA,0.0
V,0.014562597608274051
XOM,0.2889025928727471
