Asset,Weight
AAPL,0.13494082045954908
ADBE,0.0
AMZN,0.0
BTC-USD,0.0999257087009154
FB,0.0
GCF,0.31967387566699323
IRX,0.013589954432090465
MSFT,0.0
NVDA,0.1892995056310153
QCOM,0.0
TSLA,0.2425701351094364
TXN,0.0
