Asset,Weight
AAPL,0.1278063139187064
ADBE,0.03193306228346187
AMZN,0.06689477242253403
BTC-USD,0.12132262430742997
FB,0.04239711320265455
GCF,0.14914585049272375
IRX,0.01600775453983022
MSFT,0.0493476770646604
NVDA,0.1486760365031411
QCOM,0.018415797506020248
TSLA,0.20134265290168932
TXN,0.02671034485714807
